Unnamed: 0,0,1,2,3,4,5,6,7,8,9,10,11,12,13,14,15,16,17,18,19,20,21,22,23,24,25,26,27,28,29,30,31,32,33,34,35,36,37,38,39,40,41,42,43,44,45,46,47,48,49,50,51,52,53,54,55,56,57,58,59,60,61,62,63,64,65,66,67,68,69,70,71,72,73,74,75,76,77,78,79,80,81,82,83,84,85,86,87,88,89,90,91,92,93,94,95,96,97,98,99,100,101,102,103,104,105,106,107,108,109,110,111,112
0,0,28499,29794,22829,23027,21658,22178,21118,37852,23587,12990,11915,11997,15357,19208,37656,12954,22168,17082,22816,17492,19994,17532,18462,22104,20831,2105,6120,8568,4551,4408,4131,3436,26082,2561,17681,7933,2917,2781,8122,10330,3684,8138,4109,3766,5506,5318,867,8258,10009,8323,14145,6516,9144,4819,16158,14934,15156,15674,13608,14224,12909,10790,14360,20549,4267,16567,5189,9483,9282,4088,3271,4420,21448,13227,16759,21441,19932,10829,2405,25219,9977,17301,19315,18533,2345,10004,13396,20526,4428,29179,13870,17641,15052,6997,8571,12377,18971,5913,17133,37780,2947,3385,17057,15067,16347,2717,10706,3502,3054,4754,2499,3589
1,23758,0,1335,13079,13277,4424,12427,11367,18560,688,17440,12241,12395,14415,5390,9196,17405,12848,12776,15457,13186,9908,10062,11781,10108,13472,21654,18580,30428,23934,23792,24042,23348,11563,23811,13142,27776,22301,21479,24482,33130,23737,27757,24614,23150,28576,20539,22891,31057,33449,24449,15311,29585,28986,20220,15640,14417,8626,17360,13091,13706,12391,19286,13843,38696,28616,38427,26671,20727,14476,23471,22655,23805,44517,19423,16231,12200,8668,14159,24223,15468,33077,34168,4794,32055,23912,33444,36376,43596,23813,719,35731,8184,10135,31805,28413,35476,10636,21315,8940,9320,20705,23641,8864,14549,15829,24187,19130,23414,21069,24138,24383,23500
2,25053,1332,0,14373,14572,5719,13722,12662,19503,1982,18735,13536,13690,15710,6685,10140,18700,14143,14071,16752,14480,11203,11356,13076,11402,14767,22948,19874,31723,25229,25087,25337,24643,13983,25106,14436,29071,23596,22774,25777,34424,25031,29051,25908,24444,29871,21834,24186,32352,34744,25744,16606,30879,30281,21514,16934,15712,9920,18655,14385,15000,13686,20581,15138,39990,29910,39722,27965,22021,15771,24766,23949,25100,45812,20718,17525,13494,9962,15453,25517,16763,34371,35462,6089,33350,25207,34739,37671,44890,25108,616,37025,9478,11429,33100,29708,36771,11930,22610,10235,10264,21999,24935,10159,15843,17124,25481,20424,24709,22363,25432,25678,24795
3,22837,10670,11965,0,193,6147,1301,1775,16671,10735,8960,11321,11475,7367,6097,13076,8925,18300,13214,18947,13624,12003,12158,14594,16054,16962,20734,17659,29508,19805,19985,23123,22428,5435,22891,13579,26856,21381,20560,23563,32210,22817,22811,23694,22229,27656,16722,21971,30138,32529,23529,8264,28665,28067,19300,14720,13496,8189,16440,12171,12786,11471,10806,12922,37775,27695,37507,25750,12247,13556,20161,21735,19908,43597,18503,15311,17573,13882,13239,23303,2384,32157,33247,8696,31136,22992,32524,35455,42676,22892,11349,34811,9247,9697,30885,27493,34556,5690,16092,9888,13200,19785,22720,9811,13629,14909,23267,14184,22494,20149,19495,23462,22580
4,23035,10868,12163,193,0,6345,1499,1973,16477,10933,9159,11519,11674,7566,6295,12882,9123,18497,13411,19146,13822,12202,12355,14792,16252,17160,20932,17857,29707,20003,20184,23321,22626,5243,23090,13777,27054,21580,20758,23760,32407,23014,23008,23892,22427,27854,16920,22169,30335,32728,23728,8462,28863,28264,19498,14917,13695,8387,16639,12368,12984,11670,11004,13121,37973,27893,37706,25948,12445,13754,20359,21933,20107,43795,18701,15509,17771,14081,13436,23501,2192,32355,33445,8894,31334,23191,32723,35654,42874,23091,11548,35009,9445,9895,31083,27691,34755,5887,16290,10086,13006,19983,22918,10009,13827,15108,23464,14381,22692,20347,19694,23661,22778
5,21634,4424,5719,6147,6345,0,5494,4663,14781,3247,11186,10118,10272,9593,2627,10978,11150,15783,10653,16386,11063,10317,10470,12033,13043,14401,19530,16455,28305,22030,21668,21919,21225,7139,21688,11017,25653,20178,19356,22358,31006,21613,25035,22490,21025,26452,18415,20768,28934,31326,22326,8715,27461,26863,18097,13516,12293,6502,15237,10966,11583,10268,13032,11719,36571,26491,36304,24546,14472,12352,21348,20531,22133,42393,17299,14108,15135,11603,12036,22100,9783,30953,32043,7729,29932,21789,31321,34252,41472,21689,5104,33608,7561,8010,29682,26289,33353,7914,18317,8202,11103,18582,21516,8125,12425,13706,22063,16408,21291,18945,21720,22259,21376
6,22185,10017,11312,1302,1500,5494,0,1123,16378,10083,8308,10669,10823,6715,5444,12783,8273,17648,12562,18295,12971,11351,11505,13941,15401,16310,20082,17006,28856,19153,19333,22470,21776,4608,22239,12926,26204,20729,19907,22910,31557,22164,22159,23041,21577,27003,16070,21319,29485,31877,22877,7612,28012,27414,18648,14068,12844,7537,15788,11518,12134,10819,10154,12270,37123,27042,36855,25098,11595,12903,19508,21083,19256,42944,17851,14659,16920,13230,12587,22651,3691,31504,32595,8044,30483,22340,31872,34803,42023,22240,10697,34159,8595,9045,30233,26840,33904,5038,15439,9236,12907,19133,22068,9159,12976,14257,22614,13531,21842,19496,18843,22810,21927
7,21126,8958,10253,1775,1973,5016,1124,0,16798,9024,7249,9609,9764,5656,4385,13203,7213,16588,11501,17236,11911,10292,10445,12882,14342,15250,19021,15947,27796,18094,18274,21411,20716,5028,21180,11867,25145,19670,18847,21850,30497,21105,21099,21982,20517,25944,15010,20259,28425,30818,21818,6553,26953,26354,17588,13007,11785,6477,14728,10458,11075,9760,9095,11211,36063,25983,35795,24038,10536,11844,18449,20022,18196,41885,16791,13600,15861,12171,11527,21592,4165,30445,31535,6983,29424,21281,30813,33744,40964,21181,9638,33100,7535,7985,29173,25781,32845,3977,14380,8176,13327,18074,21008,8100,11916,13197,21555,12471,20782,18437,17783,21751,20868
8,37860,18558,19503,16671,16477,14781,16639,16798,0,19208,23982,26343,26497,22390,15907,13308,23947,31368,23932,29667,24343,23598,23751,25313,28628,27682,35756,32682,44530,38208,38389,39859,39653,12801,40117,24298,44080,36404,35582,38585,49434,40041,41214,40918,38886,42679,31745,36993,47362,49754,38552,23286,43688,45291,34322,29742,28519,19783,31462,27193,27808,26493,25829,27945,52798,42718,52529,40773,27269,28579,38564,36757,38311,58620,33525,30334,28292,27188,28261,38325,14533,49382,48270,23314,46158,40217,49749,52681,57699,39090,18888,49833,20840,21291,45907,44718,51782,20712,31114,21481,13184,34807,39945,21405,28651,29931,40491,29206,39719,35172,37898,40688,39805
9,23822,688,1982,13144,13342,3247,12492,11432,19208,0,17505,12306,12460,14479,5454,9844,17469,12785,13226,15394,13636,9844,9998,11718,10044,13409,21719,18644,30493,23999,23857,24108,23413,10385,23876,13206,27841,22366,21545,24547,33195,23801,27822,24679,23214,28641,20604,22956,31123,33514,24514,15376,29650,29051,20285,15705,14481,8691,17425,13156,13771,12456,19351,13907,38760,28680,38492,26735,20792,14541,23536,22720,23869,44581,19488,16296,12136,8605,14224,24288,15533,33142,34232,4731,32121,23977,33509,36440,43661,23877,1367,35796,8121,10199,31870,28477,35541,10701,21379,8877,9968,20770,23705,8800,14614,15894,24251,19194,23479,21134,24202,24447,23565
10,12990,16046,17340,8930,9129,11156,8279,7219,23952,16111,0,4599,5557,3026,8399,25202,624,13750,8664,14397,9074,11576,9114,10044,13685,12412,10886,7811,20659,13167,13024,13275,12581,12183,13044,9029,17008,11534,10712,14712,22362,12969,17084,13846,12382,17808,8420,12124,20290,22682,14680,3714,18817,18219,9452,9717,8493,5494,11272,7168,7783,6468,2504,7919,28925,16569,28658,15903,3945,3708,12704,11887,13038,33750,9653,10318,13022,11513,4388,13455,11319,22309,24397,8443,22286,13145,22677,25608,32828,13046,16725,25961,7937,6633,19298,17646,24709,6640,9228,7429,25326,9937,12873,7353,8626,9906,13419,8795,12647,10301,13370,13616,12733
11,11915,16982,18277,11313,11510,10141,10661,9601,26335,12071,4599,0,554,6523,7691,26139,5439,10652,5566,11299,5975,8478,6016,6946,10587,9314,9812,6737,18587,12093,11950,12201,11506,14565,11969,6164,15934,10459,9638,12641,21288,11894,16008,12772,11307,16734,8697,11050,19216,21608,12608,2757,17743,17145,8378,4641,3418,3639,6361,2092,2707,1392,4001,2844,26853,16773,26586,14828,5980,2634,11630,10813,11962,32675,7582,5232,9924,8416,2317,12381,13702,21235,22325,7799,20214,12071,21603,24533,31754,11970,17662,23889,6124,3535,19963,16571,23635,9578,9472,5617,26263,8863,11798,5540,3550,4830,12345,13855,11573,9227,12295,12541,11658
12,11994,17134,18428,11464,11662,10292,10812,9752,26486,12222,5106,551,0,6674,7842,26290,5519,10803,5717,11450,6127,8630,6167,7097,10738,9465,9891,6816,18666,12172,12029,12280,11585,14716,12049,6315,16013,10539,9717,12719,21366,11973,16088,12851,11386,16813,8776,11128,19294,21687,12687,2908,17822,17223,8457,4792,3570,3790,6512,2243,2858,1544,4081,2995,26932,16852,26665,14907,6060,2713,11709,10892,12042,32754,7660,5383,10076,8568,2395,12460,13853,21314,22404,7950,20293,12150,21682,24613,31833,12050,17813,23968,6275,3686,20042,16650,23714,9729,9552,5768,26414,8942,11877,5691,3701,4981,12423,13934,11651,9306,12374,12620,11737
13,15357,13030,14324,7359,7558,9585,6708,5648,22382,13094,3026,6523,6677,0,5913,22186,2990,13501,8415,14149,8825,11327,8865,9795,13436,12164,13253,10179,23025,15534,15391,15643,14947,10612,15411,8780,19376,13901,13079,17080,24729,15336,19450,16214,14749,20176,10788,14490,22657,25049,17047,3465,21185,20586,11819,9921,8698,5299,11642,7372,7987,6673,4872,8124,31293,18936,31024,18270,6312,6076,15072,14254,15404,36117,12020,10512,12774,11265,6756,15823,9748,24677,26764,5957,24653,15512,25044,27975,35196,15412,13708,28328,6508,6384,21666,20012,27077,5307,11595,6998,22309,12305,15240,6922,8830,10111,15786,9233,15013,12669,15737,15982,15100
14,19184,5389,6685,6097,6295,2627,5445,4385,15907,5454,8385,7668,7822,5887,0,12312,8877,13289,8203,13936,8613,7867,8021,9583,11917,11951,17081,14005,25855,19361,19218,19469,18775,8265,19238,8568,23203,17728,16906,19908,28556,19163,23184,20040,18576,24002,15965,18318,26484,28876,19876,6265,25011,24413,15647,11067,9843,4053,12787,8516,9133,7818,10759,9269,34122,24041,33854,22097,12200,9902,18898,18082,19231,39943,14849,11658,12562,9746,9585,19650,8485,28503,29594,4560,27482,19339,28871,31802,39022,19239,6069,31158,5111,5561,27232,23839,30903,6063,16741,5752,12436,16132,19067,5675,9975,11256,19613,14556,18841,16495,19564,19809,18926
15,32913,9194,10140,13076,12882,10978,13044,13203,13308,9844,20388,21397,21552,18795,12312,0,20352,22004,21932,24614,22342,19065,19218,20937,19264,22629,30810,27735,39585,31233,31413,33199,32504,9206,32967,22297,36932,31457,30636,33639,42286,32893,34238,33770,32306,37732,28150,32047,40214,42606,33606,19692,38741,38143,29376,24796,23573,17782,26516,22247,22862,21548,22234,22998,47852,37771,47583,35826,23675,23632,31589,31811,31336,53673,28580,25387,21356,17824,23315,33379,10937,42233,43323,13950,41212,33069,42601,45531,52752,32968,9525,44887,17340,19290,40961,37569,44633,17118,27519,18097,125,29861,32796,18020,23705,24985,33343,25611,32571,30225,30923,33538,32657
16,12954,16019,17314,8895,9093,11120,8243,7183,23917,16084,624,5439,5522,2990,9267,25176,0,14372,9286,15020,9696,12199,9736,10667,14308,13035,10851,7776,20623,13132,12988,13240,12546,12147,13008,9652,16973,11498,10677,14677,22327,12933,17048,13811,12346,17773,7928,12089,20255,22647,14645,4337,18782,18184,9417,9681,8458,6118,11236,7132,7748,6433,2469,7884,28890,16533,28622,15867,3453,3673,12669,11852,13001,33714,9618,10283,13646,12137,4353,13420,11284,22274,24362,8947,22250,13110,22642,25573,32793,13009,16698,25925,8561,7255,19263,17610,24674,6605,8736,8053,25299,9902,12837,7976,8591,9871,13383,8393,12612,10266,13334,13580,12697
17,21036,12848,14143,17149,17347,14520,16497,15437,27801,12785,12607,9519,9674,12358,12071,22004,13230,0,4538,3567,4947,5360,5742,3030,4064,1541,18932,15857,22968,21213,21071,21321,20627,20401,21090,5389,25055,19580,18758,17021,29115,21015,25130,21892,20428,26201,17818,20170,28336,30728,16989,9531,26863,26265,17498,9334,8341,8019,9992,9825,8622,9670,13122,8434,30100,21155,29842,21067,15101,11754,20750,19933,21084,38124,11962,9242,1854,4912,11437,21501,19538,30355,25572,10307,23460,21191,30723,33654,37203,21092,13527,27147,8455,6922,24345,25692,32755,15413,18594,6593,22129,17983,20919,7290,8473,8840,21465,22975,20693,18347,21416,21662,20779
18,17104,12582,13876,13217,13415,10589,12566,11504,23868,12518,8675,5588,5742,8426,8139,21738,9298,5650,0,6298,205,3476,3858,1944,8921,4313,15000,11925,22560,17281,17138,17389,16695,16469,17158,4863,21123,15648,14826,16614,26476,17083,21197,17960,16495,21922,13885,16238,24404,26796,16582,5599,22931,22333,13567,8025,6802,4087,9585,5892,5903,5738,9190,6040,30827,20747,30558,20659,11169,7822,16818,16001,17151,37863,11555,8617,4923,7875,7504,17570,15606,26423,26299,8247,24188,17259,26791,29722,36942,17159,13261,27862,6573,2989,23936,21759,28823,11481,14661,4709,21862,14052,16986,5406,6934,8215,17532,19044,16761,14415,17483,17729,16846
19,22269,14228,15522,18381,18580,15753,17730,16670,29033,14165,13839,10752,10906,13591,13303,23384,14462,2203,5770,0,6180,6593,6974,4262,5474,2773,20165,17090,24201,22445,22303,22554,21859,21634,22322,6622,26287,20812,19990,18254,30347,22248,26362,23125,21661,27433,19050,21402,29569,31960,18222,10763,28096,27497,18731,10567,9574,9251,11225,11058,9854,10902,14354,9667,30051,22387,29795,22299,16333,12986,21982,21166,22315,39356,13195,10474,3921,6323,12670,22734,20771,31588,25523,11363,23412,22423,31955,34886,38435,22324,14907,27099,9688,8155,25578,26924,33987,16646,19826,7825,23508,19216,22152,8523,9706,10073,22698,24208,21925,19580,22649,22894,22011
20,17513,12347,13642,13627,13825,10998,12975,11915,24279,12284,9085,5997,6152,8836,8549,21503,9708,5415,205,6064,0,3242,3624,1710,8687,4079,15410,12335,22325,17691,17549,17799,17105,16879,17568,5273,21532,16058,15236,16379,26886,17493,21607,18370,16905,22332,14295,16648,24814,27206,16347,6008,23341,22743,13976,8435,7212,4496,9350,6303,6313,6148,9600,6449,30593,20512,30324,20424,11579,8232,17228,16411,17561,37481,11320,9027,4689,7641,7915,17979,16015,26833,26065,8012,23953,17669,27201,30132,36559,17569,13026,27628,6338,3399,23702,22170,29233,11891,15071,4474,21628,14461,17396,5172,7344,8625,17943,19453,17171,14825,17894,18139,17256
21,19940,10008,11303,11927,12125,10241,11275,10215,23520,9944,11511,8424,8579,11263,7790,19165,12135,6524,3442,7171,3852,0,1057,2818,7569,5186,17837,14762,23433,20118,19974,20226,19531,15179,19994,5855,23959,18484,17663,17487,29313,19919,24033,20797,19332,24759,16722,19075,27241,29633,17454,8435,25768,25170,16403,10861,9639,4379,10457,8729,8740,8575,12027,8876,31701,21620,31432,21531,14005,10659,19655,18838,19987,38589,12428,11453,5796,5397,10341,20406,14316,29260,27172,5674,25061,20096,29628,32558,37668,19995,10688,28736,3998,5826,24810,24596,31660,11403,17497,2135,19289,16888,19823,2833,9771,11052,20369,21880,19598,17252,20320,20566,19683
22,16770,10154,11448,12073,12271,10386,11421,10361,23666,10091,8341,5254,5408,8093,7936,19310,8963,6897,3816,7546,4226,1049,0,3192,7714,5560,14667,11592,23807,16946,16804,17056,16360,15325,16824,4530,20789,15314,14492,17861,26142,16749,20863,17627,16162,21589,13552,15903,24070,26462,17829,5264,22598,21998,13233,7691,6468,3930,10832,5559,5570,5404,8856,5706,32075,21994,31806,21906,10835,7488,16484,15668,16817,38962,12802,8283,6171,5543,7171,17236,14461,26090,27546,5819,25434,16925,26457,29388,38041,16825,10833,29110,4144,2656,25184,21425,28489,11549,14327,2281,19434,13718,16653,2978,6600,7880,17199,18710,16426,14082,17150,17395,16512
23,19168,12598,13892,15281,15479,12653,14630,13570,25932,12534,10739,7652,7806,10490,10203,21754,11362,4103,2670,4751,3080,3492,3874,0,7374,2766,17065,13989,20590,19345,19202,19453,18759,18533,19222,2966,23187,17712,16890,14644,26737,19147,23261,20024,18560,23823,15949,18302,26468,28860,14612,7663,24995,24397,15631,6911,5918,6151,7615,7060,6199,7802,11254,6010,28857,18777,28589,18689,13233,9886,18882,18066,19215,35746,9585,6819,3376,6328,9570,19634,17670,28487,24329,8263,22218,19323,28855,31786,34824,19223,13277,25892,6588,5054,21966,23823,30887,13546,16725,4724,21878,16116,19051,5422,6050,6417,19597,21108,18825,16479,19548,19793,18910
24,22205,10108,11402,15535,15733,13043,14883,13823,28628,10044,13776,10689,10843,13527,11398,19264,14398,4064,9363,5342,9773,7584,7737,7855,0,5310,20102,17026,27794,22381,22239,22490,21795,20181,22259,10215,26224,20749,19927,21847,31577,22184,26298,23062,21597,27023,18986,21338,29504,31897,21815,10699,28032,27433,18668,14160,13167,8509,14818,11538,12154,10839,14291,13259,33371,25980,33115,25892,16270,12923,21919,21103,22252,42949,16788,14068,3415,2172,12606,22671,17923,31524,28843,7567,26732,22360,31892,34823,42027,22260,10787,30418,7555,8068,29170,26860,33924,14662,19762,6176,19388,19153,22088,6874,13299,13666,22634,23156,21861,19516,22585,22830,21947
25,19624,11583,12877,15736,15934,13108,15085,14024,26388,11519,11194,8107,8261,10945,10658,20739,11817,2961,3125,3926,3536,3947,4329,1617,7657,0,17519,14445,21556,19800,19658,19908,19214,18988,19677,3976,23642,18167,17345,15609,27702,19603,23717,20479,19015,24788,16405,18757,26923,29315,15577,8118,25450,24852,16086,7921,6928,6606,8580,8412,7209,8257,11709,7022,29822,19742,29554,19654,13688,10342,19337,18520,19671,36711,10551,7829,2534,5485,10025,20089,18126,28942,25294,8718,23183,19778,29310,32242,35790,19679,12262,26835,7043,5509,22932,24279,31342,14000,17181,5180,20863,16571,19506,5877,7061,7427,20053,21563,19280,16934,20003,20249,19366
26,2105,26395,27690,20726,20923,19554,20074,19013,35748,21483,10886,9812,9894,13253,17104,35551,10851,20065,14978,20712,15388,17891,15428,16359,19999,18727,0,4017,9697,6429,6287,6063,5368,23977,4492,15577,9349,4796,3974,6403,11746,5616,9554,6041,5645,6922,3214,1238,9674,11425,6605,12041,7931,10560,2715,14054,12831,13052,13955,11504,12120,10805,8686,12257,21679,5683,17696,5017,7380,7179,5966,5150,6300,22863,11508,14656,19337,17829,8726,4820,23115,11393,18430,17212,17726,4166,11420,14812,21942,6308,27075,14977,15537,12947,8412,9986,13793,16868,3810,15029,35676,3200,5317,14952,12962,14243,4649,8192,5434,3564,6633,3915,5521
27,6120,23321,24616,17651,17849,16478,16999,15939,32674,18408,7811,6737,6819,10179,14028,32477,7776,16989,11903,17638,12314,14816,12354,13284,16925,15653,4017,0,13048,6296,6154,6405,5710,20903,6174,12502,10139,4664,3842,7102,15491,6099,10213,6976,5511,10938,2901,5253,13419,15812,7069,8966,11947,11348,2583,10978,9756,9976,12534,8429,9046,7731,5612,9182,25029,8990,21047,8574,4305,4104,5834,5018,6167,26879,10915,11581,16263,14754,5651,6586,20040,15439,22661,14137,20549,6275,15807,18738,25958,6175,23999,18328,12462,9872,12180,10775,17839,13793,3677,11954,32601,3068,6002,11878,9888,11169,6549,8060,5776,3431,6499,6745,5862
28,8568,35170,36464,29500,29698,28328,28848,27788,44522,30258,20659,18587,18669,23025,25878,44326,20623,24107,20988,24754,21398,23430,23813,20590,27378,22769,9697,13048,0,10219,10076,9774,9080,32752,8204,17917,13061,9816,11180,6656,11673,9326,13265,9751,9433,9346,12910,8746,13384,15136,6139,20815,11643,14270,12411,14958,15724,21826,13489,17588,16481,18506,19185,16293,11982,4300,7999,4212,17352,17817,9756,9442,10089,16843,11043,14509,23379,26332,16500,8531,31889,15105,8734,25986,9967,8747,15131,18523,15899,10097,35849,5281,24311,21276,7490,13697,17504,26640,13506,23804,44450,11414,9029,23727,15637,14400,8360,16374,9146,11519,10421,7626,9231
29,4551,28676,29970,19811,20009,22036,19160,18100,38601,23764,13167,12093,12175,15534,19384,31239,13132,22345,17259,22992,17669,20172,17709,18639,22280,21007,6429,6296,10219,0,288,1758,1552,23064,2016,17857,5980,1736,3100,10760,11333,1940,6055,2817,785,6601,4333,5270,9261,11654,10243,14321,7609,7190,3834,16334,15112,15332,17889,13785,14400,13086,10966,14538,22200,5918,18218,6840,9661,9459,463,1362,210,22541,16271,16936,21618,20110,11006,2649,22201,11281,18951,19492,20185,2117,11649,14580,21620,988,29355,15498,17817,15228,8648,6617,13681,16382,4929,17310,31363,3333,1844,17233,15243,16523,2390,6262,1618,3023,310,2587,1704
30,4408,28533,29828,19992,20190,21692,19340,18280,38782,23621,13024,11950,12032,15391,19242,37690,12988,22203,17117,22850,17526,20028,17567,18496,22138,20865,6287,6154,10076,288,0,1592,1409,23244,1872,17715,5837,1594,2956,10618,11191,1798,4577,2675,643,6457,4514,5128,9119,11510,10101,14179,7466,7048,4015,16192,14968,15190,17747,13643,14258,12943,10824,14394,22058,5776,18075,6698,9518,9316,321,1220,158,22399,16128,16793,21475,19966,10863,2507,22381,11139,18809,19350,20043,1973,11505,14437,21477,702,29213,15356,17675,15086,8505,6474,13538,16564,5110,17167,37814,3191,1702,17091,15101,16381,2248,6443,1475,3297,490,2444,1562
31,4126,28779,30074,23109,23307,21936,22457,21397,40252,23866,13269,12195,12277,15637,19486,37934,13234,22447,17361,23096,17771,20274,17811,18742,22383,21110,6532,6399,9768,1758,1592,0,687,26361,1565,17960,4294,1839,3202,10310,9648,1489,4369,1132,1320,4885,5597,4820,7576,9967,9793,14424,6879,5504,5098,16436,15214,15434,17991,13887,14503,13189,11069,14640,21750,5468,17767,6389,9763,9562,1296,1464,1629,20826,14697,17039,21721,20212,11109,2199,25497,9595,18501,19595,19735,1666,9962,12893,19905,1637,29457,15049,17920,15330,7459,4931,11994,18033,6193,17412,38058,3436,738,17336,15346,16627,1342,7913,675,3542,1961,2136,596
32,3436,28090,29384,22420,22618,21248,21768,20708,40045,23177,12581,11506,11589,14947,18798,37246,12546,21759,16673,22406,17083,19586,17123,18053,21694,20421,5843,5710,9080,1552,1409,693,0,25672,876,17271,4426,1150,2514,9621,9780,801,4501,1264,767,5018,4908,4131,7708,10100,9104,13735,7011,5637,4409,15748,14524,14746,17303,13199,13814,12499,10380,13950,21061,4779,17079,5701,9075,8872,1090,776,1422,20958,14008,16350,21031,19523,10420,1510,24809,9727,17812,18906,19046,977,10095,13026,20037,1430,28769,14359,17231,14642,7508,5064,12127,17827,5503,16724,37370,2747,293,16647,14657,15937,1251,7707,65,2853,1755,1447,151
33,26058,11531,13983,5435,5243,7107,4836,4995,12801,10353,12181,14541,14696,10588,8233,9206,12145,21519,16433,22168,16843,15224,15377,17814,20149,20182,23953,20879,32728,23025,23206,26343,25648,0,26112,16799,30077,24602,23780,26782,35429,26036,26030,26914,25449,30876,19942,25191,33357,35750,26750,11484,31885,31286,22519,17939,16717,11409,19660,15390,16006,14692,14026,16143,40995,30915,40727,28970,15467,16776,23381,24955,23128,46817,21723,18531,20793,17103,16458,26523,3298,35377,36467,11915,34356,26213,35745,38676,45896,26113,13368,38008,12466,12917,34105,30713,37777,8909,19312,13108,9330,23005,25940,13032,16848,18129,26486,17403,25714,23369,22716,26683,25800
34,2561,28553,29848,22883,23082,21711,22232,21172,40509,23641,13044,11969,12052,15411,19261,37709,13008,22222,17136,22870,17546,20049,17586,18516,22158,20884,4492,6174,8204,2016,1872,1571,876,26136,0,17735,5304,1614,2976,8746,9408,1123,5378,1767,1230,4586,5371,3256,7336,10977,8229,14199,5595,6515,4872,16211,14988,15209,15580,13662,14278,12963,10843,14414,20186,3904,16203,4825,9538,9336,1553,1239,1885,20526,13133,16813,21495,19986,10883,635,25272,10605,16937,19369,18171,544,10972,13903,19606,1893,29232,13483,17694,15105,6634,5940,13004,18291,5967,17187,37833,3211,825,17110,15120,16400,375,8171,942,3316,2218,572,1028
35,17681,13082,14376,13587,13784,10957,12934,11874,24238,12887,9045,6164,6318,8796,8507,22237,9667,6529,3072,7176,3481,5983,6366,2966,9800,5191,15577,12502,17917,17857,17715,17966,17271,16838,17735,0,21700,16225,15402,11971,24065,17660,21774,18536,17073,21151,14462,16814,24980,27372,11939,5967,23446,22909,14143,4446,3224,4455,4942,4365,3504,5618,9767,3316,26185,16105,25916,16016,11745,8399,17394,16578,17728,33074,6912,4087,5801,8753,7430,18146,15975,27000,21657,8616,19546,17835,27367,30299,32152,17736,13760,23198,6940,3359,19294,22336,29400,11851,15238,6433,22361,14628,17564,6356,3356,3685,18110,19620,17337,14992,18061,18306,17423
36,7864,32518,33813,26848,27046,25676,26197,25137,44474,27606,17008,15934,16016,19376,23226,41674,16973,26187,21101,26834,21510,24013,21551,22481,26123,24849,9349,10139,13061,5980,5837,4493,4426,30101,5304,21700,0,5578,6941,13603,5463,5229,3747,3975,5195,8051,9336,8112,3391,5674,13086,18163,2695,1211,8837,20176,18953,19174,21731,17627,18243,16928,14808,18379,25042,8761,22543,9682,13502,13301,5518,5204,5850,17887,17989,20778,25460,23951,14848,5938,29237,5301,21794,23334,23027,5405,5669,8600,23071,5858,33197,19847,21659,19070,10625,637,7701,22256,9932,21152,41798,7176,4477,21075,19085,20365,5563,12136,4414,7281,6183,5875,4334
37,2917,27043,28338,21373,21572,20201,20722,19662,36396,22131,11534,10459,10542,13901,17751,36199,11498,20712,15626,21360,16036,18539,16076,17006,20648,19374,4796,4664,9816,1736,1594,1845,1150,24626,1614,16225,5578,0,1466,11765,10931,1539,5653,2415,951,6198,3861,3501,8859,11251,9841,12689,7207,6788,3362,14701,13478,13699,16256,12152,12768,11453,9333,12904,21798,5517,17815,6438,8028,7826,1273,456,1607,22140,14638,15303,19985,18476,9373,2247,23762,10879,18550,17859,19783,1714,11246,14178,21218,1615,27722,15097,16185,13595,8246,6215,13279,17515,4457,15677,36323,1701,1442,15601,13611,14890,1988,7891,1216,1806,1939,2185,1302
38,2781,26221,27515,20552,20750,19379,19899,18839,35574,21309,10712,9638,9720,13079,16929,35377,10677,19890,14804,20537,15214,17717,15254,16185,19825,18553,3974,3842,11180,3100,2956,3208,2514,23803,2976,15402,6941,1466,0,10942,12295,2901,7016,3779,2314,7562,3040,2907,10223,12615,10910,11866,8571,8152,2541,13879,12657,12877,15434,11330,11945,10631,8511,12083,23162,6880,19179,7801,7206,7004,2637,1820,2969,23502,13816,14481,19163,17655,8552,3388,22940,12242,19913,17038,21147,3078,12610,15541,22582,2977,26900,16460,15362,12773,9610,7578,14642,16694,3636,14855,35501,879,2805,14778,12788,14069,3351,9255,2580,984,3302,3548,2665
39,8380,29224,30518,23555,23752,22382,22902,21842,38576,24311,14712,12641,12722,17080,19932,38380,14677,18161,15043,18808,15452,17484,17867,14644,21432,16823,6662,7102,6196,10301,10158,9856,9162,26806,8286,11971,13143,9899,10636,0,12342,9408,13347,9833,9515,9428,10002,7513,13466,15218,217,14869,11725,14353,9376,9012,9778,15880,7544,11641,10536,12560,13239,10347,18178,4382,14195,4294,11406,11871,9838,9525,10171,21351,5097,8564,17433,20385,10555,8613,25943,15187,14929,20040,13855,8829,15213,18606,20430,10179,29903,11475,18365,15330,7573,13779,17587,20694,10471,17857,38504,9861,9111,17781,9691,8454,8442,14853,9228,10225,10503,7709,9313
40,10330,37871,39166,32202,32399,31029,31549,30489,49827,32958,22362,21288,21370,24729,28580,47027,22327,30253,26454,30900,26864,29366,26904,26736,31475,28915,11746,15491,11673,11333,11191,9847,9780,35453,10658,24064,5463,10931,12295,12802,0,10583,9100,9329,10549,7892,14690,10508,2167,4650,12285,23516,3814,6674,14191,21105,21870,24527,19636,22980,23596,22281,20162,22439,23655,7960,19736,8881,18856,18654,10870,10558,11204,12944,17189,20656,29525,29305,20202,9735,34591,5634,20406,28688,21640,10759,4645,7219,12812,11212,38550,17040,27012,24423,6464,6101,8034,27609,15285,26504,47152,12529,9831,26428,21783,20547,8982,17488,9767,12635,11537,8831,9688
41,3689,28457,29752,22788,22986,21616,22136,21076,40414,23545,12948,11874,11956,15316,19166,37614,12913,22127,17041,22774,17450,19953,17490,18421,22062,20789,6211,6079,9331,1919,1777,1475,780,26040,1128,17639,5209,1518,2881,9873,10562,0,5283,2047,1135,5713,5276,4383,8489,10882,9356,14103,6722,6418,4777,16116,14893,15114,17671,13567,14182,12867,10748,14319,21313,5032,17330,5953,9442,9241,1457,1144,1790,21654,14260,16718,21399,19891,10788,1762,25177,10509,18065,19274,19298,1229,10877,13808,20733,1798,29137,14612,17599,15009,7761,5845,12909,18195,5872,17092,37738,3116,957,17014,15024,16305,1503,8076,846,3221,2123,1700,932
42,7939,29824,31119,22818,23016,25043,22167,21107,41609,29889,17084,16008,16091,19450,23191,34246,17048,26262,21175,26909,21586,24088,21626,22556,26197,24924,10346,10213,13265,6055,4577,4569,4501,26071,5378,21774,3575,5653,7016,13806,8928,5304,0,4050,5270,8255,9411,8316,6856,9248,13289,18238,6159,4785,8912,20251,19027,19249,21805,17702,18317,17002,14883,18453,25246,8964,22748,9886,13577,13375,5592,5279,5925,24196,18194,20852,25534,24025,14922,6012,25208,8875,21997,23408,23231,5479,9243,12174,23275,5933,30503,20052,21734,19145,10829,4211,11275,19389,10006,21226,34370,7250,4553,21150,19160,20440,5157,9269,4488,7356,6902,5950,4409
43,4108,29355,30650,23686,23884,22513,23033,21973,41312,24443,13846,12772,12854,16214,20064,38511,13811,23024,17938,23672,18348,20851,18388,19319,22959,21687,6040,6976,9751,2817,2675,1331,1264,26937,1767,18536,3897,2415,3779,10293,9251,2067,3972,0,2033,4988,6174,4803,7179,9571,9776,15000,6482,5108,5675,17013,15791,16011,18569,14464,15080,13765,11646,15217,21733,5451,17750,6372,10340,10139,2355,2042,2688,20929,14680,17616,22297,20789,11686,2182,26075,9198,18484,20172,19718,2243,9566,12496,20008,2696,30034,15030,18496,15907,7563,4535,11598,19093,6770,17989,38636,4014,1315,17912,15922,17203,1446,8972,1252,4119,3021,2119,1172
44,3766,27891,29186,22221,22419,21050,21570,20509,39279,22978,12382,11307,11389,14749,18600,37047,12346,21561,16473,22208,16884,19386,16924,17854,21495,20223,5645,5511,9433,785,643,1320,767,25473,1230,17073,5195,951,2314,9975,10549,1156,5270,2033,0,5815,4710,4485,8476,10868,9458,13537,6824,6405,4211,15550,14326,14548,17104,13000,13616,12301,10182,13752,21415,5134,17432,6056,8875,8674,323,578,656,21756,15485,16151,20833,19324,10221,1864,24611,10495,18167,18707,19400,1331,10863,13795,20835,664,28571,14714,17032,14443,7863,5832,12895,17061,5305,16524,37172,2549,1060,16448,14458,15739,1606,6940,833,2655,988,1802,919
45,6321,35870,37165,30201,30398,29028,29548,28488,45223,30958,18623,19287,19369,20989,26579,45026,18587,24807,21689,25454,22099,24131,24513,21290,28079,23469,7737,11503,6814,7972,7829,6974,6833,33452,5957,18618,9940,7570,8933,7356,5775,7080,10145,6878,7187,0,10950,6499,7110,10130,6839,21515,6636,11150,10451,15659,16424,22526,14190,18288,17182,19207,16422,16993,18796,2515,14584,3435,15116,14914,7509,7196,7842,16031,11743,15210,24080,27032,17201,6284,32590,10098,15548,26687,16781,6500,10125,13516,15111,7850,36549,11887,25011,21976,2665,10577,12497,24248,11546,24504,45151,9168,6782,24427,16337,15101,6049,14128,6899,9273,8175,5379,6984
46,5318,25460,26755,16652,16849,18619,15999,14939,31674,20549,8380,8877,8959,10747,16169,34617,7887,19130,14044,19777,14453,16956,14493,15424,19065,17792,3214,3081,12910,4333,4514,5603,4908,19903,5371,14642,9336,3861,3040,10182,14690,5297,9411,6174,4710,10136,0,4451,12618,15009,10150,11106,11145,10547,499,13119,11896,12117,14674,10570,11185,9870,7751,11322,24892,8896,20909,8230,4703,6244,4689,4215,4436,26077,13056,13721,18402,16894,7791,5783,19041,14637,21644,16277,20939,5472,15004,17935,25156,5373,26140,18191,14602,12012,11626,9973,17037,13530,861,14095,34741,2265,5200,14017,12028,13308,5747,5244,4974,2272,4057,5942,5061
47,867,27633,28927,21963,22161,20791,21311,20251,36985,22720,12124,11050,11132,14490,18341,36789,12089,21302,16216,21949,16626,19129,16666,17596,21237,19964,1238,5253,8746,5270,5128,4826,4131,25215,3256,16814,8112,3501,3364,7256,10508,4378,8316,4803,4485,5685,4451,0,8436,10188,7456,13278,6694,9322,3952,15291,14068,14289,14807,12742,13357,12043,9923,13493,20727,4445,16745,5367,8618,8415,4808,3855,5141,21627,12360,15893,20575,19067,9963,3583,24352,10156,17479,18449,18712,2928,10183,13575,20705,5149,28312,14025,16774,14185,7176,8749,12556,18105,5047,16266,36913,3500,4080,16190,14200,15480,3411,9429,4197,3637,5473,2678,4283
48,8258,35799,37094,30130,30327,28957,29477,28417,47755,30886,20290,19216,19298,22657,26507,44955,20255,29468,24382,30116,24792,27294,24832,25762,29403,28131,9674,13419,13384,9261,9119,7775,7708,33381,8586,24980,3391,8859,10223,13926,2167,8510,7028,7257,8476,6424,12618,8436,0,4075,13409,21444,1742,4602,12119,23457,22234,22455,20760,20908,21523,20209,18090,21660,25366,9085,20917,10005,16784,16582,8798,8485,9132,14590,18313,21780,28741,27233,18130,7663,32518,4044,22118,26616,23351,8687,4070,7462,14457,9140,36478,18221,24940,22351,7799,4029,6443,25536,13213,24432,45079,10456,7759,24356,22366,21671,6910,15416,7695,10563,9464,6759,7616
49,10452,38481,39776,32812,33010,31640,32161,31100,50438,33570,22972,21898,21980,25340,29190,47638,22937,32151,27065,32798,27474,29977,27514,28445,32086,30813,11868,16103,15579,11944,11801,10457,10390,36064,11268,27663,5964,11542,12905,16121,4503,11193,9710,9939,11159,10341,15300,10631,4518,0,15604,24127,3937,6536,14801,26140,24917,25138,22955,23591,24207,22892,20772,24343,27561,11279,24834,12201,19466,19265,11481,11168,11814,17417,20507,26742,31423,29915,20812,11901,35201,1675,24312,29298,25545,11369,6,3519,17284,11822,39161,22138,27623,25033,11261,5706,4075,28220,15896,27116,47762,13140,10441,27038,25048,26329,11527,18100,10378,13245,12147,8953,10298
50,8323,29192,30486,23521,23720,22349,22870,21810,38544,24279,14680,12608,12690,17047,19899,38347,14645,18128,15009,18776,15419,17452,17834,14612,21399,16790,6605,7069,6139,10243,10101,9799,9104,26774,8229,11939,13086,9841,10579,897,12285,9351,13289,9776,9458,9371,9818,7456,13409,15161,0,14837,11668,14295,9319,8980,9745,15847,7510,11609,10502,12528,13207,10315,18120,4325,14138,4237,11374,11839,9781,9467,10114,21294,5064,8531,17401,20353,10521,8556,25910,15130,14871,20007,13823,8771,15156,18549,20373,10122,29870,11418,18333,15298,7515,13722,17529,20661,10413,17825,38471,9804,9054,17749,9658,8421,8384,14796,9170,10168,10446,7651,9256
51,14145,13925,15221,8256,8454,10481,7605,6545,23278,13990,3714,2757,2911,3465,6280,23082,4337,10673,5587,11321,5996,8499,6037,6967,10609,9335,12041,8966,20815,14321,14179,14430,13735,11508,14199,5952,18163,12689,11866,14869,23516,14124,18238,15000,13537,18963,10926,13278,21444,23836,14837,0,19972,19373,10607,6156,4933,2418,7876,3607,4223,2908,4122,4359,29083,19002,28814,17058,6025,4863,13858,13042,14192,34904,9810,6748,9946,8437,4546,14610,10645,23464,24555,6323,22442,14299,23831,26763,33983,14200,14605,26096,4861,3556,22192,18800,25864,6521,11702,4353,23206,11092,14027,4277,5065,6345,14574,12698,13801,11455,14524,14770,13887
52,6516,35103,36397,29432,29631,28261,28781,27721,47058,30190,19594,18518,18601,21960,25811,44259,19558,28772,23685,29419,24096,26598,24136,25066,28707,27434,7931,12723,11643,8565,8422,7079,7011,32685,5595,23446,2695,8163,9526,12185,3814,7814,6331,6482,7780,6405,11921,6694,1742,3494,11668,20748,0,3905,11422,20487,21537,21759,19018,20212,20827,19512,17393,20963,23624,7342,20898,8264,16087,15885,8102,7789,8435,16238,16572,20038,28044,26535,17432,5921,31822,3462,20376,25918,21609,6138,3489,6881,16106,8443,35782,18202,24244,21655,7325,3331,5862,24840,12516,23736,44383,9760,7063,23660,21670,19929,5168,14720,6998,9866,8768,5017,6919
53,9626,34279,35574,28609,28807,27437,27957,26897,45207,29366,18770,17695,17777,21137,24987,43435,18734,27947,22861,28596,23272,25774,23312,24242,27883,26611,11111,11899,14821,7741,7599,6255,6188,31861,7065,23460,1761,7339,8702,15363,7225,6990,6432,5659,6956,9811,11098,9873,5153,6476,14846,19924,4455,0,10599,21937,20714,20935,23491,19388,20003,18689,16570,20140,26803,10521,24304,11443,15263,15062,7278,6965,7612,19648,19750,22538,27221,25712,16609,7699,30998,6104,23555,25095,24788,7166,6471,9403,24831,7620,34958,21608,23420,20831,12385,1759,8503,22988,11693,22912,43559,8936,6239,22836,20846,22127,7323,12868,6175,9043,7944,7637,6096
54,4819,24961,26256,19292,19489,18120,18640,17580,34314,20050,8501,8378,8460,10868,15670,34118,8009,18631,13545,19278,13954,16457,13994,14925,18566,17293,2715,2583,12411,3834,4015,5104,4409,22543,4872,14143,8837,3362,2541,9683,14191,4798,8912,5675,4211,9637,499,3952,12119,14510,9651,10607,10646,10048,0,12620,11397,11618,14175,10071,10686,9371,7252,10823,24393,8397,20410,7732,4824,5745,4190,3716,3937,25579,12557,13222,17903,16395,7292,5284,21681,14138,21145,15778,20440,4973,14505,17436,24657,4874,25641,17692,14103,11513,11127,9474,16538,13763,1096,13596,34242,1766,4702,13518,11529,12809,5248,5477,4475,1773,3558,5444,4562
55,16158,20381,21676,14712,14909,13540,14060,12999,29734,15468,9269,4641,4795,9921,11090,29537,9681,11319,6233,11966,6643,9146,9528,6961,13985,9981,14054,10978,15317,16334,16192,16442,15748,17963,16211,4446,20176,14701,13879,9371,21464,16137,20251,17013,15550,18551,12939,15291,22589,25849,9339,6156,20846,21386,12620,0,1223,7038,2179,2841,1981,4095,8243,1793,23585,13504,23316,13416,10222,6875,15871,15055,16205,30473,4312,1050,10593,11814,5907,16623,17101,25476,19057,11198,16945,16312,25844,28775,29551,16213,21061,20598,9523,6521,16694,20813,27876,12976,13715,9014,29662,13105,16041,8938,1137,648,16587,18097,15814,13468,16538,16830,15900
56,14934,19159,20453,13488,13687,12316,12837,11777,28511,14246,8046,3418,3573,8698,9866,28315,8458,10097,5010,10744,5420,7922,8305,5918,12763,8759,12831,9756,16083,15112,14968,15220,14524,16741,14988,3224,18953,13478,12657,10137,22229,14913,19027,15791,14326,19316,11716,14068,22234,24627,10104,4933,20762,20163,11397,1223,0,5814,2944,1619,758,2872,7021,571,24350,14270,24082,14181,8999,5653,14649,13832,14981,31238,5078,1815,9369,10592,4684,15400,15877,24254,19822,9974,17710,15090,24622,27552,30317,14989,19837,21363,8300,5298,17459,19590,26654,11753,12491,7792,28438,11882,14817,7716,133,1413,15363,16874,14591,12246,15314,15560,14677
57,15132,8626,9920,8189,8387,6502,7538,6477,19783,8432,5465,3616,3770,5485,4053,17782,6088,9237,4151,9884,4561,4094,3989,5531,8144,7899,13029,9953,21803,15309,15167,15417,14723,11441,15186,4516,19151,13676,12854,15857,24504,15111,19225,15988,14523,19950,11913,14266,22432,24824,15824,2389,20959,20361,11595,7014,5791,0,8735,4465,5081,3766,7218,5217,30070,19989,29802,18045,9197,5850,14846,14030,15179,35891,10798,7606,8509,5972,5534,15598,10578,24451,25541,4161,23430,15287,24819,27750,34970,15187,9305,27083,2485,1509,23180,19787,26851,7931,12689,1978,17906,12080,15014,1901,5923,7204,15561,17072,14789,12443,15511,15757,14874
58,15674,22102,23396,16432,16630,15260,15780,14720,31454,17190,11272,6361,6516,11642,12810,31258,11236,11131,8012,11779,8423,10455,10837,7615,14402,9794,13955,12534,13489,17889,17747,17997,17303,19684,15580,4942,20436,16256,15434,7544,19636,16702,21805,17128,17104,16723,14493,14807,20760,22512,7510,7876,19018,21647,14175,2179,2944,8758,0,4563,3702,5815,9798,3514,21757,11677,21488,11588,11777,8430,17426,16610,17759,28645,2484,1370,10404,13356,7114,15906,18821,22480,17229,12918,15117,16123,22507,25899,27724,17767,22781,18770,11243,8301,14866,21074,24880,14697,15269,10736,31382,14660,16404,10659,2857,1621,15736,19652,17369,15023,18092,15002,17454
59,13608,17832,19127,12163,12360,10990,11510,10450,27185,12919,6720,2092,2246,7372,8541,26988,7132,10963,5877,11611,6287,8790,6865,7258,11436,9626,11504,8429,17588,13785,13643,13893,13199,15414,13662,4365,17627,12152,11330,11641,22980,13588,17702,14464,13000,18426,10389,12742,20908,23300,11609,3607,19435,18837,10071,2841,1619,4488,4563,0,908,1546,5694,1045,25854,15774,25587,15686,7673,4326,13322,12505,13655,32743,6582,3433,10236,9265,3358,14074,14552,22927,21326,8649,19215,13763,23295,26226,31821,13663,18511,22867,6973,4384,18963,18264,25327,10427,11165,6465,27113,10556,13490,6389,1751,3032,14038,15548,13265,10919,13988,14233,13350
60,14224,18447,19743,12778,12976,11606,12127,11067,27800,13536,7335,2707,2861,7987,9156,27604,7748,10377,5291,11025,5701,8203,7480,6199,12052,9040,12120,9046,16840,14400,14258,14509,13814,16030,14278,3504,18243,12768,11945,10894,23596,14203,18317,15080,13616,19043,11005,13357,21523,23915,10862,4223,20052,19452,10686,1981,758,5104,3702,908,0,2162,6310,184,25108,15027,24839,14939,8288,4942,13938,13121,14271,31995,5835,2573,9650,9881,3973,14689,15167,23543,20580,9264,18467,14379,23910,26842,31075,14279,19127,22121,7589,4399,18217,18879,25943,11043,11781,7082,27728,11171,14107,7004,890,2171,14653,16163,13880,11536,14604,14849,13966
61,12909,17133,18428,11463,11662,10291,10812,9752,26485,12221,6021,1392,1547,6673,7841,26289,6433,10802,5716,11449,6126,8629,6166,7097,10738,9464,10805,7731,18506,13086,12943,13195,12499,14716,12963,5618,16928,11453,10631,12560,22281,12888,17002,13765,12301,17728,9691,12043,20209,22602,12528,2908,18737,18138,9371,4095,2872,3789,5815,1546,2162,0,4995,2298,26773,16693,26505,16605,6973,3628,12624,11806,12956,33669,7500,4687,10076,8567,3310,13374,13852,22229,22245,7949,20134,13065,22597,25527,32748,12964,17812,23786,6274,3685,19882,17565,24629,9728,10466,5767,26413,9856,12792,5690,3003,4284,13338,14848,12566,10221,13289,13535,12652
62,10641,17892,19187,10768,10966,12993,10117,9057,25791,17957,2496,3853,3934,4863,11141,27048,2461,14106,9020,14753,9429,11931,9469,10399,14041,12768,8538,5462,19036,10817,10675,10926,10231,14020,10695,9618,14660,9185,8363,13090,20012,10620,14734,11497,10033,15459,7422,9774,17940,20333,13058,4114,16468,15869,7104,8095,6871,7093,9650,5546,6161,4846,0,6297,27303,14220,27035,13554,2178,1359,10355,9539,10688,31400,8031,8696,13378,11869,2766,11107,13157,19960,22775,11253,20664,10796,20328,23259,30479,10696,18572,24316,9578,6988,16949,15296,22360,8478,8198,9070,27173,7589,10524,8993,7003,8284,11070,12581,10297,7952,11020,11266,10383
63,14360,18585,19879,12914,13113,11742,12263,11203,27937,13672,7471,2844,2998,8124,9292,27741,7884,10189,5103,10836,5513,8015,7617,6010,12189,8851,12257,9182,16653,14538,14394,14646,13950,16167,14414,3316,18379,12904,12083,10706,23732,14339,18453,15217,13752,19885,11142,13493,21660,24053,10674,4359,20188,19589,10823,1793,571,5240,3514,1045,184,2298,6446,0,24919,14839,24652,14751,8425,5079,14075,13258,14407,31808,5647,2384,9461,10017,4110,14826,15303,23680,20391,9400,18280,14515,24047,26978,30886,14415,19263,21932,7726,4536,18028,19015,26080,11179,11917,7218,27864,11308,14243,7142,702,1982,14789,16300,14016,11672,14740,14985,14103
64,20593,43481,44776,37811,38009,36640,37160,36100,52834,38568,28969,26897,26979,31337,34190,52638,28934,29663,29300,29416,29710,31742,32124,28901,33349,28740,21723,25074,12027,22244,22102,21800,21105,41063,20230,26229,25086,21842,23206,18681,23699,21352,25290,21777,21459,21372,24936,20771,25410,27162,18164,29127,23668,26296,24437,23270,24035,30138,21801,25898,24793,26817,27496,24605,0,16326,6064,16238,29475,26129,21782,21468,22115,12370,19354,22820,31146,34098,24811,20557,40201,27130,4573,34297,9865,20772,27157,30548,11449,22123,44161,7677,32623,29588,19515,25723,29529,34951,25531,32115,52762,23439,21055,32038,23948,22712,20385,28399,21171,23545,22447,19652,21257
65,4267,33357,34652,27687,27885,26514,27035,25975,42710,28444,16569,16773,16855,18936,24065,42513,16533,22293,19175,22941,19586,21618,21999,18777,25565,20955,5683,8990,4300,5918,5776,5474,4779,30939,3904,16105,8761,5517,6880,4842,7960,5027,8964,5451,5134,5047,8896,4445,9085,10836,4325,19002,7342,9970,8397,13146,13910,20012,11677,15774,14669,16693,14368,14480,16282,0,12299,922,13063,12861,5456,5143,5789,18216,9229,12696,21567,24518,14687,4231,30077,10804,13034,24173,14267,4446,10831,14223,17295,5797,34035,9581,22498,19463,3190,9397,13204,22194,9492,21990,42637,7114,4729,21914,13824,12588,4060,12074,4845,7220,6122,3326,4931
66,16567,43169,44463,37499,37697,36327,36847,35787,52521,38257,28658,26586,26668,31024,33877,52325,28622,29361,28987,29115,29397,31429,31812,28589,33048,28416,17673,21023,7976,18195,18053,17750,17056,40729,16180,25894,21036,17793,19156,14632,19742,17303,21241,17728,17410,16396,20886,16722,20924,23113,14138,28814,19642,22269,20410,22957,23723,29825,21488,25587,24480,26505,27184,24292,8210,12299,0,12211,25351,25816,17755,17441,18088,7916,19018,22485,31356,34308,24476,16507,39865,23081,5166,33962,10458,16723,23108,26499,6994,18074,43825,3005,32288,29253,15267,21674,25480,34616,21482,31803,52449,19413,17027,31726,23636,22399,16359,24373,17145,19518,18420,15625,17230
67,5189,31412,32707,25742,25940,24571,25091,24030,40765,26499,15903,14828,14910,18270,22120,40568,15867,22144,19025,22791,19435,21468,21850,18628,25415,20806,5017,8574,4151,6840,6698,6395,5701,28994,4825,15955,9682,6438,7801,4675,8881,5947,9886,6373,6056,5968,8230,5367,10005,11758,4176,17058,8264,10892,7732,12995,13761,18069,11527,15625,14518,15822,13703,14331,16133,922,12150,0,12396,12195,6377,6065,6711,19138,9080,12547,21416,24369,14538,5152,28132,11726,12884,22228,14118,5368,11753,15145,18217,6719,32092,9431,20554,17963,4112,10319,14126,21884,8826,20046,40693,8217,5650,19969,13674,12437,4981,12995,5767,8581,7044,4248,5853
68,9525,19341,20636,12217,12415,14441,11566,10504,27239,19406,3945,5980,6063,6312,12590,28497,3453,16233,11147,16880,11557,14060,11597,12528,16168,14895,7420,4346,17393,8699,9559,9810,9115,15469,9579,11745,13544,8069,7246,11447,18896,9503,13618,10381,8916,14343,4743,8658,16824,19217,11414,6025,15352,14753,4865,10222,8999,9220,11777,7673,8288,6973,2053,8425,29431,13104,25392,12437,0,3347,9239,8421,9572,30284,10159,10824,15505,13997,4894,9990,14606,18844,24902,13380,22791,9680,19212,22143,29363,9580,20020,22673,11705,9116,15833,14180,21244,9926,5551,11198,28622,6472,9407,11121,9131,10411,9953,7861,9181,6836,8422,10150,9267
69,9282,19218,20512,13548,13746,12375,12896,11836,28571,14305,3708,2634,2716,6076,9925,28374,3673,12886,7800,13535,8211,10713,8251,9181,12822,11549,7179,4104,17817,9459,9316,9568,8872,16800,9336,8399,13301,7826,7004,11871,18654,9261,13375,10139,8674,14101,6064,8415,16582,18974,11839,4863,15110,14510,5745,6875,5653,5873,8430,4326,4942,3628,1508,5079,26085,12861,25816,12195,3347,0,8996,8180,9329,30041,6812,7477,12160,10651,1548,9748,15936,18602,21557,10034,19444,9437,18969,21900,29121,9337,19896,23098,8359,5769,15591,13937,21001,9690,6839,7851,28497,6230,9165,7775,5785,7066,9711,11222,8938,6594,9662,9907,9025
70,4088,28213,29507,20168,20365,21371,19515,18455,38957,23301,12704,11630,11712,15072,18921,37369,12669,21882,16796,22529,17206,19709,17246,18177,21817,20545,5966,5834,9756,463,321,1296,1090,23419,1553,17394,5518,1273,2637,10298,10870,1477,5592,2355,323,6138,4689,4808,8798,11191,9781,13858,7147,6728,4190,15871,14649,14869,17426,13322,13938,12624,10503,14075,21738,5456,17755,6377,9198,8996,0,899,333,22079,15808,16473,21155,19647,10544,2186,22557,10818,18489,19029,19723,1654,11186,14117,21158,341,28892,15036,17354,14765,8186,6154,13218,16739,5285,16847,37493,2871,1381,16770,14780,16061,1927,6619,1156,2976,667,2124,1241
71,3271,27396,28691,21727,21924,20555,21075,20014,36749,22484,11887,10813,10895,14254,18105,36552,11852,21066,15979,21713,16389,18892,16429,17360,21000,19728,5150,5018,9442,1362,1220,1470,776,24978,1239,16578,5204,456,1820,12118,10558,1165,5279,2042,578,5824,4215,3855,8485,10877,9467,13042,6833,6414,3716,15055,13832,14053,16610,12505,13121,11806,9687,13258,21424,5143,17441,6065,8381,8180,899,0,1232,21765,14991,15657,20338,18830,9727,1873,24116,10504,18176,18213,19409,1340,10872,13803,20844,1240,28076,14723,16538,13948,7872,5841,12904,17638,4811,16030,36677,2055,1068,15953,13963,15244,1615,7518,842,2160,1566,1810,927
72,4420,28546,29841,19914,20113,22140,19263,18203,38704,23634,13038,11962,12045,15404,19254,31342,13001,22215,17129,22863,17540,20042,17580,18509,22151,20878,6300,6167,10089,210,158,1629,1422,23167,1885,17728,5850,1607,2969,10631,11204,1811,5925,2688,656,6470,4436,5141,9132,11523,10114,14192,7479,7061,3937,16205,14981,15203,17759,13655,14271,12956,10837,14407,22071,5789,18088,6711,9531,9329,333,1232,0,22411,16141,16806,21488,19979,10876,2520,22304,11151,18822,19362,20056,1986,11518,14449,21490,859,29226,15369,17688,15098,8519,6487,13551,16485,5032,17180,31466,3204,1715,17104,15114,16394,2261,6365,1488,3310,413,2457,1575
73,21823,49454,50749,43785,43982,42613,43133,42072,61411,44542,33945,32871,32953,36312,40163,58610,33910,39255,36137,39902,36546,38580,38961,35738,42526,37917,23239,27076,16820,22916,22774,21024,20957,47036,20902,33065,17887,22514,23878,21804,12944,22024,24195,20928,22132,17845,26452,22001,14590,17563,21287,35100,16238,19098,25953,30107,30872,36111,28638,32736,31630,33655,31745,31442,12370,18211,7916,19133,30439,30238,22454,22141,22787,0,26191,29658,38527,41480,31649,21229,46174,18539,12544,40271,17835,21444,17558,20133,921,22795,50134,10921,38596,36006,16715,18523,20938,39192,27048,38089,58735,24113,20657,38011,30785,29548,20099,29072,20945,24218,23120,20324,20865
74,13227,24165,25459,18495,18693,17323,17843,16783,33517,19252,9653,7582,7663,12020,14873,33321,9618,13102,9983,13749,10393,12425,12808,9585,16373,11764,11508,10915,11043,16271,16128,14703,14008,21747,13133,6912,17989,14638,13816,5097,17189,14255,18194,14680,15485,14275,12875,12360,18313,20065,5064,9810,16572,19200,12557,3953,4719,10821,2484,6582,5476,7500,8180,5288,19310,9229,19018,9141,10159,6812,15808,14991,16141,26198,0,3504,12374,15326,5495,13459,20884,20033,14781,14981,12670,13676,20060,23452,25277,16149,24844,16322,13306,10271,12419,18626,22433,15635,13651,12798,33445,13042,13957,12722,4632,3395,13289,18033,14075,13405,16473,12556,14160
75,16759,20973,22268,15303,15501,14131,14652,13592,30325,16061,10318,5232,5387,10512,11681,30129,10283,10431,6824,11079,7235,9737,10120,6869,13703,9094,14656,11581,14509,16936,16793,17045,16350,18556,16600,4137,20778,15303,14481,8564,20656,16738,20852,17616,16151,17742,13541,15893,21780,23531,8531,6748,20038,21988,13222,1050,1815,7629,1370,3433,2573,4687,8845,2384,22776,12696,22485,12608,10824,7477,16473,15657,16806,29665,3504,0,9704,12406,6161,16926,17692,26079,18248,11789,16137,16914,23526,26919,28744,16814,21652,19789,10114,7113,15886,21414,28478,13568,14316,9607,30253,13707,16642,9530,1728,491,16755,18699,16416,14071,17139,16021,16501
76,20802,12200,13494,16914,17113,14286,16263,15203,27567,12136,12372,9285,9439,12124,11836,21356,12995,1855,4303,5257,4714,5126,5507,2795,3415,2578,18698,15623,22734,20978,20836,21087,20392,20167,20855,5155,24820,19345,18523,16787,28880,20781,24895,21658,20194,25966,17584,19935,28102,30493,16755,9296,26629,26030,17264,9100,8107,7784,9758,9591,8387,9435,12887,8200,31000,20920,30710,20832,14866,11519,20515,19699,20849,37889,11728,9007,0,4264,11203,21267,19304,30121,26472,9659,24361,20956,30488,33419,36968,20857,12879,28013,8221,6688,24111,25457,32520,15179,18359,6358,21480,17749,20685,7056,8239,8606,21231,22741,20458,18113,21182,21427,20545
77,20033,8668,9962,13737,13935,11604,13086,12026,27188,8605,11605,8517,8672,11356,9601,17824,12228,4912,7192,7687,7603,5412,5566,5684,2172,6160,17930,14855,25623,20211,20069,20319,19625,16989,20088,8045,24053,18578,17756,19677,29406,20013,24127,20890,19425,24852,16815,19168,27334,29726,19644,8529,25861,25263,16496,11988,10995,6338,12647,9367,9982,8668,12120,11089,33890,23809,33599,23721,14099,10752,19748,18931,20081,40778,14618,11896,4264,0,10435,20499,16126,29353,29361,6127,27250,20189,29721,32652,39857,20089,9347,30902,5809,5896,26999,24690,31753,13223,17591,4004,17948,16981,19916,4703,11128,11494,20463,21717,19691,17345,20414,20659,19776
78,10829,18900,20195,13231,13428,12059,12579,11518,28253,13987,4388,2317,2399,6756,9609,28056,4353,12570,7483,13217,7893,10395,7933,8863,12504,11232,8726,5651,16500,11006,10863,11115,10420,16482,10883,7430,14848,9373,8552,10555,20202,10808,14922,11686,10221,15648,7611,9963,18130,20521,10521,4546,16657,16059,7292,5907,4684,5557,7114,3358,3973,3310,2915,4110,24767,14687,24476,14599,4894,1548,10544,9727,10876,31656,5495,6161,11842,10333,0,11295,15620,20149,20239,9717,18128,10984,20516,23447,30735,10884,19580,21780,8042,5452,17877,15484,22549,10370,8386,7534,28181,7777,10712,7457,4816,6250,11258,12769,10486,8141,11209,11454,10572
79,2405,28964,30259,23295,23493,22123,22643,21583,41143,24053,13455,12381,12463,15823,19673,38121,13420,22634,17548,23281,17957,20460,17997,18928,22569,21296,4226,6586,8531,2649,2507,2205,1510,26546,635,18146,5938,2247,3388,9073,9735,1757,6012,2182,1864,4912,5783,2989,7663,11611,8556,14610,5921,7148,5284,16623,15400,15621,15906,14074,14689,13374,11255,14826,20512,4231,16507,5152,9949,9748,2186,1873,2520,20853,13459,17225,21906,20398,11295,0,25684,11239,17264,19781,18497,1091,11606,14538,19932,2528,29644,13811,18106,15516,6960,6575,13639,18924,6379,17599,38245,3623,1458,17521,15531,16812,790,8804,1576,3728,2852,898,1662
80,25227,13060,14354,2384,2192,9783,3690,4165,14533,13124,11349,13710,13864,9757,8485,10937,11314,20689,15603,21336,16012,14393,14547,16983,18442,19351,23123,20049,31897,22194,22375,25511,24817,3298,25280,15968,29245,23770,22948,25951,34599,25206,25200,26083,24619,30045,19112,24360,32526,34918,25918,10653,31053,30455,21689,17109,15886,10578,18829,14560,15175,13860,13196,15312,40165,30085,39874,28140,14636,15945,22551,24124,22297,45986,20892,17700,19961,16272,15628,25692,0,34545,35637,11085,33524,25381,34913,37845,45064,25282,13738,37178,11636,12087,33274,29882,36945,8079,18480,12277,11062,22174,25110,12201,16017,17298,25656,16573,24883,22537,21884,25852,24969
81,9896,37872,39167,32202,32400,31029,31550,30490,49828,32959,22362,21288,21370,24730,28580,47028,22327,31540,26454,32189,26865,29367,26905,27835,31476,30204,11312,15492,15023,11334,11192,9848,9781,35454,10658,27053,5354,10932,12295,15565,5503,10584,9101,9251,10550,9786,14690,10075,3961,1131,15048,23517,3381,5925,14191,25529,24307,24527,22399,22980,23597,22282,20163,23733,27004,10723,24279,11645,18856,18655,10871,10558,11204,18457,19952,26132,30814,29305,20202,11292,34592,0,23756,28688,24989,10759,1126,4058,18325,11212,38551,21583,27013,24423,10705,5096,2568,27610,15286,26505,47152,12530,9831,26429,24439,25720,10916,17489,9768,12635,11538,11229,9689
82,17301,38909,40204,33239,33437,32068,32588,31527,48262,33996,24397,22325,22407,26764,29617,48065,24362,25091,24727,24844,25138,27170,27551,24329,28777,24168,18430,21781,8734,18951,18809,18507,17812,36491,16937,21657,21794,18550,19913,15966,20406,18060,21997,18484,18167,18080,21644,17479,22118,23869,14871,24555,20376,23003,21145,18698,19462,25565,17229,21326,20221,22245,22924,20032,4529,13034,6513,12945,24902,21557,18489,18176,18822,12499,14781,18248,26574,29525,20239,17264,35629,23838,0,29725,5293,17480,23864,27257,11578,18830,39589,8126,28050,25015,16224,22430,26238,30379,22239,27542,48190,20148,17762,27466,19376,18140,17093,25107,17878,20253,19155,16359,17964
83,19585,4794,6089,8167,8364,6479,7514,6454,19760,4731,10082,8068,8222,7611,4030,13950,10046,10307,9261,12916,9671,6722,6875,9240,7567,10931,17480,14406,26255,19761,19619,19870,19175,11418,19639,8968,23603,18129,17306,20309,28956,19564,24415,20440,18976,24403,16366,18718,26884,29276,20277,6781,25412,24813,16047,11466,10244,4452,13187,8917,9533,8218,11927,9670,34522,24442,34232,22497,13368,10303,19298,18481,19632,40344,15250,12059,9659,6127,9985,20050,10556,28904,29994,0,27882,19739,29271,32203,39423,19640,5473,31535,3969,5961,27632,24240,31304,7294,17142,4606,14075,16531,19467,4530,10375,11656,20013,15788,19241,16895,19964,20210,19327
84,18533,36797,38093,31128,31326,29955,30476,29415,46150,31885,22286,20214,20296,24653,27505,45953,22250,22978,22616,22733,23025,25059,25440,22218,26666,22057,17726,20549,9967,20185,20043,19741,19046,34380,18171,19546,23027,19783,21147,13855,21640,19293,23231,19718,19400,19313,20939,18712,23351,25103,13823,22442,21609,24237,20440,16586,17351,23453,15117,19215,18109,20134,20812,17921,10593,14267,12577,14179,22791,19444,19723,19409,20056,18563,12670,16137,24461,27414,18128,18497,33516,25072,6065,27614,0,18713,25098,28490,17642,20064,37476,11999,25938,22903,17456,23664,27471,28267,21535,25431,46077,21380,18995,25354,17264,16027,18326,26340,19112,21486,20388,17593,19198
85,2345,28654,29949,22984,23183,21812,22333,21273,40611,23742,13145,12071,12153,15512,19362,37810,13110,22323,17237,22970,17647,20150,17687,18618,22259,20985,4166,6275,9103,2117,1973,1672,977,26237,899,17835,5405,1714,3078,9644,10759,1224,5479,2243,1331,5483,5472,2928,8687,11079,9127,14299,6492,6616,4973,16312,15090,15310,17867,13763,14379,13065,10944,14515,21084,4802,17079,5724,9639,9437,1654,1340,1986,21425,14032,16914,21597,20088,10984,1091,25373,10706,17835,19470,19069,0,11074,14004,20503,1994,29333,14382,17795,15206,7532,6042,13106,18392,6069,17288,37934,3312,926,17211,15221,16501,1274,8272,1044,3417,2319,1470,1129
86,10447,38476,39771,32807,33005,31635,32156,31095,50433,33564,22967,21893,21975,25335,29185,47633,22932,32146,27060,32793,27469,29972,27509,28440,32081,30808,11863,16098,15574,11939,11796,10452,10385,36059,11263,27658,5959,11537,12900,16116,4498,11188,9705,9856,11154,10336,15295,10626,4513,6,15599,24122,3932,6531,14796,26135,24912,25133,22950,23586,24202,22887,20767,24338,27555,11274,24829,12196,19461,19260,11476,11163,11809,17412,20502,26737,31418,29910,20807,11896,35196,1670,24307,29293,25540,11364,0,3514,17279,11817,39156,22133,27618,25028,11256,5701,4070,28215,15891,27111,47757,13135,10436,27033,25043,26324,11521,18095,10373,13240,12142,8948,10293
87,13098,41073,42368,35403,35602,34231,34752,33692,53029,36161,25564,24489,24572,27931,31781,50230,25528,34742,29656,35390,30067,32569,30107,31036,34678,33405,14513,18694,18225,14536,14393,13050,12982,38656,13859,30255,8556,14134,15496,18766,7188,13785,12302,12452,13751,12987,17891,13276,7163,3670,18249,26719,6583,9127,17392,28731,27508,27729,25601,26182,26798,25483,23364,26934,30206,13924,27480,14846,22058,21856,14073,13759,14405,20101,23154,29333,34015,32506,23403,14493,37793,4266,26957,31889,28191,13960,3665,0,19968,14413,41752,24784,30215,27625,13621,8297,6666,30811,18487,29707,50353,15731,13033,29631,27641,28921,14118,20691,12969,15836,14739,14430,12890
88,20902,48533,49828,42864,43061,41692,42212,41152,60489,43621,33024,31950,32032,35391,39242,57690,32989,38334,35216,38981,35626,37658,38040,34817,41606,36996,22318,26154,15899,21995,21853,20104,20036,46116,19980,32145,23070,21594,22957,20882,12812,21104,23274,20007,21211,16923,25531,21081,14457,17430,20365,34179,21424,24279,25032,29186,29951,35190,27717,31814,30709,32733,30824,30520,11449,17290,6994,18211,29518,29316,21532,21220,21866,921,25270,28737,37607,40558,30728,20308,45253,18406,11622,39350,16914,20523,17425,19999,0,21874,49213,10000,37675,35086,15794,23706,20806,38271,26128,37167,57814,23191,19736,37091,29864,28628,19178,28151,20023,23297,22199,19403,19944
89,4810,29225,30519,20117,20315,22342,19465,18405,38906,24312,13716,12642,12724,16083,20489,31544,12149,22894,17808,23541,18218,20721,18258,19188,22829,21557,6978,6845,10478,412,270,1861,1812,23369,2275,18406,6156,1996,3649,11020,11508,2201,4847,2992,1046,6860,4639,5531,9436,11828,10503,14870,8740,7365,4140,16883,15661,15881,18438,14334,14949,13635,11515,15087,22460,6179,18455,7101,8963,10007,723,1622,283,22801,16820,17485,22167,20659,11556,2909,22506,11456,19212,20042,20445,2376,11823,14755,21880,0,29904,15759,18366,15777,8908,6792,13856,16688,5235,17859,31669,3882,2105,17782,15792,17073,2651,6568,1878,3328,616,2846,1964
90,24436,717,616,13758,13956,5104,13107,12047,18888,1367,18120,12920,13075,15094,6069,9525,18084,13527,13455,16137,13865,10588,10741,12460,10787,14152,22333,19258,31108,24614,24471,24722,24027,13368,24490,13820,28455,22980,22159,25162,33809,24415,28436,25293,23828,29255,21218,23571,31737,34129,25129,15990,30264,29666,20899,16319,15096,9305,18040,13770,14385,13071,19965,14521,39374,29294,39084,27349,21406,15155,24151,23334,24483,45196,20103,16910,12879,9347,14838,24902,16147,33756,34846,5473,32735,24592,34124,37054,44275,24491,0,36387,8863,10813,32484,29092,36156,11315,21993,9620,9649,21384,24319,9544,15228,16508,24866,19808,24094,21748,24817,25062,24179
91,13870,40472,41767,34803,35001,33631,34151,33091,49825,35560,25961,23889,23971,28328,31181,49629,25925,26665,26291,26419,26701,28734,29116,25892,30352,25720,14977,18328,5281,15498,15356,15055,14359,38032,13483,23198,18340,15097,16460,11935,17046,14607,18545,15032,14714,13700,18191,14025,18229,20416,11418,26096,16922,19551,17692,20239,21003,27107,18770,22867,21762,23786,24465,21574,9823,9581,3005,9492,22633,23098,15036,14723,15369,10921,16322,19789,28660,31612,21780,13811,37170,20384,6779,31266,11999,14026,20411,23803,10000,15377,41130,0,29592,26557,12571,18977,22784,31920,18786,29084,49731,16694,14308,29007,20917,19681,13640,21654,14425,16800,15702,12906,14511
92,18550,6010,7305,7929,8127,6242,7277,6217,19522,5946,7919,7034,7188,5421,3792,15167,8411,11307,8226,11955,8636,5687,5840,7602,8070,9969,16446,13371,25220,18726,18584,18835,18140,11181,18604,7933,22569,17094,16272,19274,27921,18528,22643,19406,17941,23368,15331,17683,25849,28242,19242,5799,24377,23778,15012,10431,9209,3418,12153,7882,8498,7184,10293,8635,33487,23407,33197,21462,11733,9268,18264,17447,18597,39309,14215,11024,10581,6630,8950,19015,10318,27869,28959,1676,26848,18705,28237,31168,38388,18605,6690,30500,0,4926,26597,23205,30269,7405,16107,3571,15291,15497,18432,3494,9341,10622,18978,15898,18206,15861,18929,19175,18292
93,15145,10075,11369,9638,9836,7951,8986,7925,21231,9880,6716,3628,3782,6467,5501,19231,7338,8081,2994,8728,3404,5907,3487,4374,8060,6743,13041,9966,21277,15321,15179,15429,14735,12890,15198,3359,19163,13689,12866,15330,24516,15124,19238,16000,14537,19963,11926,14278,22444,24836,15298,3639,20971,20373,11607,6522,5298,1449,8301,4389,4400,3778,7231,4537,29543,19463,29253,19375,9209,5863,14858,14042,15192,35904,10271,7113,7353,5888,5546,15610,12027,24464,25015,5610,22904,15299,24831,27763,34982,15200,10754,26557,3934,0,22654,19800,26864,9522,12702,3426,19355,12092,15027,3350,5430,6711,15574,17084,14801,12455,15524,15770,14887
94,5109,32740,34034,27071,27268,25898,26418,25358,44696,27827,17231,16157,16238,19598,23448,41896,17195,26561,21323,27208,21733,24235,21773,23043,26344,25223,6525,10360,8568,6202,6060,4310,4243,30322,4187,20371,7276,5800,7164,9110,7126,5310,7480,4214,5417,1130,9738,5287,5658,9124,8593,18385,5631,8485,9239,17412,18178,19396,15943,17849,18464,17150,15030,18747,20550,4268,15623,5189,13725,13522,5739,5426,6073,17071,13496,16963,25833,24173,15070,4515,29459,9093,17301,23557,18534,4730,9119,12511,16150,6081,33419,12926,21881,19292,0,7912,11492,22477,10333,21373,42020,7397,3942,21297,18091,16854,3384,12357,4230,7503,6405,3610,4151
95,8501,33155,34449,27484,27683,26313,26833,25773,45111,28242,17646,16571,16653,20012,23863,42311,17610,26824,21738,27471,22148,24650,22188,23118,26759,25486,9986,10775,13697,6617,6474,5131,5064,30737,5940,22336,637,6215,7578,14239,6101,5866,4383,4535,5832,8687,9973,8749,4029,5415,13722,18800,3331,1208,9474,20813,19590,19811,22367,18264,18879,17565,15445,19015,25679,9397,23180,10319,14139,13937,6154,5841,6487,18523,18626,21414,26097,24588,15484,6575,29874,5043,22430,23970,23664,6042,5410,8341,23707,6495,33834,20484,22296,19707,11261,0,7442,22892,10569,21788,42435,7812,5115,21712,19722,21002,6199,12772,5051,7918,6820,6512,4971
96,12296,40272,41566,34602,34800,33429,33950,32890,52228,35359,24762,23688,23770,27130,30979,49428,24727,33940,28854,34589,29265,31767,29305,30235,33876,32604,13712,17892,17423,13734,13592,12248,12181,37854,13058,29453,7754,13332,14695,17964,7903,12983,11500,11651,12949,12186,17090,12474,6361,3531,17447,25917,5781,8325,16591,27929,26707,26927,24799,25380,25996,24682,22563,26133,29404,13123,26679,14045,21256,21055,13271,12957,13604,20857,22352,28531,33214,31705,22602,13692,36991,2568,26156,31088,27389,13159,3526,6457,20725,13612,40950,23982,29413,26823,13105,7495,0,30009,17686,28905,49551,14929,12231,28829,26839,28120,13316,19889,12168,15035,13937,13629,12089
97,18944,12702,13996,5696,5893,7920,5044,3983,20718,12766,6613,9544,9698,5280,6068,17123,6578,16522,11436,17170,11846,11511,11665,12817,15562,15185,16840,13766,26613,16382,16563,18033,17827,8947,18290,11802,22255,17487,16666,20666,27609,18215,19388,19093,17061,23762,13530,18078,25536,27928,20634,6486,24771,23465,13763,12942,11720,7896,14663,10393,11008,9694,8458,11146,34879,22522,34589,21857,9899,9663,16738,17841,16485,39704,15607,13534,15795,13390,10342,18924,8085,27555,30351,8208,28240,18391,27923,30854,38782,17264,13380,31892,8759,9405,25253,22891,29955,0,12669,9395,17247,15891,18119,9319,11851,13132,18665,10760,17893,16255,16073,18861,17978
98,5913,26057,27351,16098,16296,18322,15445,14385,31120,21144,9187,9472,9555,9870,16765,27525,8695,19725,14639,20373,15050,17552,15090,16019,19661,18388,3810,3677,13506,4929,5110,6199,5503,19349,5967,15238,9932,4457,3636,10778,15285,5892,10006,6770,5305,10732,861,5047,13213,15606,10745,11702,11741,11142,1096,13715,12491,12713,15269,11165,11781,10466,8347,11917,25487,9492,21482,8826,5510,6839,5285,4811,5032,26673,13651,14316,18998,17489,8386,6379,18486,15233,22239,16872,21535,6069,15601,18531,25752,5968,26736,18786,15198,12609,12222,10569,17633,12669,0,14690,27649,2861,5796,14614,12624,13904,6342,4382,5570,2867,4653,6539,5656
99,16733,7898,9193,9817,10015,8131,9166,8106,21411,7835,8304,5217,5371,8056,5681,17055,8927,7732,4651,8380,5061,2112,2265,4027,6161,6394,14630,11555,23404,16910,16768,17018,16324,13070,16787,5603,20752,15277,14455,17458,26106,16713,20827,17590,16126,21552,13514,15867,24033,26425,17425,5228,22561,21962,13196,8616,7392,3038,11667,6067,6682,5367,8819,6818,31672,21591,31380,19646,10798,7451,16447,15631,16780,37492,12399,9207,7005,3990,7135,17199,12206,26052,27143,3564,25031,16888,26420,29351,36571,16788,8578,28684,1888,2596,24781,21389,28452,9293,14290,0,17179,13681,16616,723,7525,8805,17163,17787,16390,14045,17114,17358,16475
100,33037,9318,10264,13200,13006,11103,13168,13327,13184,9968,20512,21521,21676,18919,12436,125,20476,22129,22057,24738,22466,19189,19342,21062,19388,22753,30934,27859,39709,31357,31537,33323,32629,9330,33092,22421,37056,31582,30760,33763,42410,33016,34362,33894,32429,37856,28274,32172,40338,42730,33730,19816,38865,38267,29500,24920,23697,17906,26641,22371,22986,21672,22358,23123,47975,37895,47685,35950,23799,23756,31713,31935,31459,53797,28704,25511,21480,17948,23439,33503,11062,42357,43447,14075,41336,33193,42725,45656,52876,33093,9649,44988,17464,19414,41086,37693,44757,17241,27644,18221,0,29985,32920,18145,23829,25110,33467,25735,32695,30349,31047,33663,32780
101,2947,25446,26741,19777,19975,18605,19125,18065,34799,20534,9937,8863,8945,12305,16155,34603,9902,19116,14030,19763,14439,16942,14479,15410,19051,17778,3200,3068,11414,3333,3191,3442,2747,23029,3211,14628,7176,1701,879,10168,12529,3136,7250,4014,2549,7796,2265,3500,10456,12849,10136,11092,8805,8385,1766,13105,11882,12103,14660,10556,11171,9856,7737,11308,23395,7114,19390,8217,6431,6230,2871,2055,3204,23737,13042,13707,18388,16880,7777,3623,22166,12476,20148,16263,20925,3312,12844,15775,22816,3212,26126,16694,14588,11998,9844,7812,14876,15919,2861,14081,34727,0,3040,14003,12013,13294,3586,7243,2813,468,3537,3782,2899
102,3385,28382,29677,22712,22910,21540,22061,21000,40338,23469,12873,11798,11880,15240,19091,37538,12837,22051,16964,22699,17375,19877,17415,18345,21986,20714,5317,6002,9029,1844,1702,744,293,25964,825,17564,4477,1442,2805,9571,9831,951,4553,1315,1060,4717,5200,4080,7759,10151,9054,14027,5726,5688,4702,16041,14817,15039,17595,13490,14107,12792,10673,14243,21010,4729,17004,5650,9366,9165,1381,1068,1715,20658,13957,16642,21324,19815,10712,1458,25102,9778,17762,19198,18995,926,10146,13077,19737,1723,29062,14308,17523,14934,7291,5115,12178,18120,5796,17015,37663,3040,0,16939,14949,16230,1200,7999,281,3146,2048,1396,201
103,16814,7975,9270,9893,10092,8207,9242,8182,21487,7911,8385,5298,5452,8137,5757,17131,9008,7813,4732,8461,5143,2193,2346,4108,6243,6475,14711,11636,23485,16991,16849,17100,16405,13146,16868,5684,20833,15358,14537,17540,26187,16794,20908,17671,16207,21633,13596,15948,24115,26506,17506,5309,22642,22043,13277,8697,7473,3119,11748,6148,6763,5448,8900,6899,31753,21672,31461,19727,10879,7533,16528,15712,16861,37573,12480,9288,7087,4072,7216,17280,12283,26134,27224,3640,25113,16969,26501,29432,36653,16870,8654,28765,1965,2677,24862,21470,28533,9369,14372,77,17255,13762,16697,0,7606,8886,17244,17863,16471,14126,17195,17439,16558
104,15067,19290,20585,13621,13818,12448,12968,11908,28643,14378,8178,3550,3704,8830,9998,28446,8591,10228,5142,10876,5552,8055,8436,6050,12894,8890,12962,9888,15995,15243,15101,15351,14657,16872,15120,3356,19085,13611,12788,10050,22142,15046,19160,15922,14458,19229,11848,14200,22366,24758,10017,5065,20893,20295,11529,1137,133,5946,2857,1751,890,3003,7153,702,24263,14183,23972,14095,9131,5785,14780,13963,15114,31151,4990,1728,9501,10724,4816,15531,16009,24386,19735,10107,17623,15221,24753,27685,30230,15122,19969,21276,8431,5430,17372,19722,26785,11885,12624,7924,28571,12013,14949,7847,0,1326,15495,17005,14723,12377,15446,15692,14809
105,16347,20571,21865,14901,15099,13729,14249,13189,29923,15659,9458,4830,4984,10111,11279,29727,9871,10029,6422,10677,6832,9335,9717,6467,13300,8691,14243,11169,14759,16523,16381,16632,15937,18153,16400,3735,20365,14890,14069,8813,20905,16326,20440,17203,15739,17992,13129,15480,22029,23782,8781,6345,20288,21576,12809,648,1413,7227,1621,3032,2171,4284,8433,1982,23026,12946,22736,12858,10411,7066,16061,15244,16394,29914,3754,491,9302,12004,6250,16812,17290,25666,18498,11387,16386,16501,23777,28965,28993,16402,21250,20039,9712,6711,16136,21002,28066,13166,13904,9205,29851,13294,16230,9128,1326,0,17005,18286,16003,13658,16727,16272,16090
106,2717,28928,30223,23258,23456,22087,22607,21547,40884,24015,13419,12345,12426,15786,19637,38085,13383,22598,17511,23245,17921,20423,17961,18891,22532,21260,4649,6549,8360,2390,2248,1945,1251,26510,375,18110,5563,1988,3351,8901,8982,1498,5766,1446,1606,4159,5747,3411,6910,8662,8384,14574,5168,6772,5248,16587,15363,15585,15736,14038,14653,13338,11219,14789,20341,4060,16336,4981,9912,9711,1927,1615,2261,20100,13289,17188,21870,20361,11258,790,25648,10863,17093,19745,18326,918,8657,14162,19179,2269,29608,13640,18070,15480,6733,6199,13263,18666,6342,17562,38209,3586,1200,17485,15495,16776,0,8546,1317,3692,2594,728,1403
107,10705,21195,22489,14189,14387,16414,13538,12477,29212,21260,9166,13544,13625,8921,14562,25617,8082,23796,18710,24443,19120,21622,19160,20090,23731,22458,7880,7747,16373,6262,6442,7913,7707,17441,8170,19308,12135,7891,9254,14848,17488,8095,9268,8972,6940,12755,4932,9118,15416,17808,14816,12386,13764,13345,5166,17785,16562,16783,19340,15236,15851,14537,9601,15987,28355,12074,24350,12994,7549,10909,6618,7517,6365,28696,17721,18386,23069,21560,12456,8804,16579,17435,25107,16702,26340,8271,17803,20734,27775,7144,21874,21654,17253,16679,14803,12772,19835,10760,4071,17889,25741,6931,7998,17813,16694,17974,8546,0,7773,6938,5952,8741,7858
108,3502,28156,29450,22486,22684,21314,21834,20774,40112,23243,12647,11573,11655,15013,18864,37312,12612,21825,16739,22472,17149,19652,17189,18119,21760,20487,5909,5776,9146,1618,1475,681,65,25738,942,17337,4414,1216,2580,9687,9767,867,4488,1252,833,5005,4974,4197,7695,10088,9170,13801,6998,5624,4475,15814,14591,14812,17369,13265,13880,12566,10446,14016,21127,4845,17122,5767,9141,8938,1156,842,1488,20946,14075,16416,21098,19590,10486,1576,24875,9715,17878,18972,19112,1044,10083,13013,20025,1496,28835,14425,17297,14708,7580,5051,12115,17893,5570,16789,37436,2813,281,16713,14723,16003,1317,7773,0,2919,1821,1514,138
109,3054,25811,27106,20141,20339,18968,19489,18429,35163,20898,10301,9227,9309,12669,16518,34966,10266,19479,14393,20128,14803,17306,14843,15774,19415,18142,3564,3431,11519,3023,3297,3548,2853,23393,3316,14992,7281,1806,984,10533,12635,3242,7356,4119,2655,7901,2272,3180,10563,12954,10499,11455,8910,8491,1773,13468,12246,12466,15023,10919,11536,10221,8101,11672,23501,7220,19496,8581,6795,6594,2976,2160,3126,23842,13405,14071,18753,17244,8141,3728,22529,12582,20253,16627,21486,3417,12949,15880,22921,3318,26489,16800,14951,12362,9949,7918,14981,16283,2867,14444,35091,438,3146,14367,12377,13658,3692,7250,2919,0,2746,3888,3005
110,4754,28879,30174,19501,19700,21727,18850,17790,38291,23966,13370,12295,12377,15737,19874,30929,13334,22549,17462,23196,17872,20374,17912,18842,22483,21211,6633,6499,10421,310,490,1961,1755,22754,2218,18061,6183,1939,3302,10963,11537,2144,6707,3021,988,6803,4057,5473,9464,11856,10446,14524,7812,7393,3558,16538,15314,15536,18092,13988,14604,13289,11170,14740,22403,6122,18398,7044,8381,9662,667,1566,413,22744,16473,17139,21821,20312,11209,2852,21891,11483,19155,19695,20388,2319,11851,14783,21823,1192,29558,15702,18020,15431,8851,6820,13883,16073,4653,17512,31053,3537,2048,17436,15446,16727,2594,5952,1821,2746,0,2790,1907
111,2331,29125,30419,23454,23653,22283,22803,21743,41080,24212,13616,12541,12623,15982,19833,38281,13580,22793,17707,23441,18118,20620,18158,19088,22729,21456,3915,6745,7626,2587,2444,2142,1447,26707,572,18306,5875,2185,3548,8168,8831,1694,5950,2120,1802,4007,5942,2678,6759,8510,7651,14770,5017,7086,5444,16783,15560,15781,15002,14233,14849,13535,11415,14985,19608,3326,15603,4248,10109,9907,2124,1810,2457,19949,12556,16021,22067,20558,11454,898,25844,8478,16359,19940,17593,1115,8505,11897,19027,2465,29804,12906,18266,15677,6056,6512,10878,18862,6539,17758,38405,3782,1396,17682,15692,15913,728,8742,1514,3888,2790,0,1600
112,3589,28242,29536,22572,22770,21400,21920,20860,40198,23329,12733,11658,11740,15100,18950,37398,12697,21910,16824,22559,17235,19737,17275,18205,21846,20574,5995,5862,9231,1704,1562,562,151,25824,1028,17423,4334,1302,2665,9773,9688,953,4409,1172,919,4925,5061,4283,7616,10007,9256,13887,6919,5545,4562,15900,14677,14898,17454,13350,13966,12652,10533,14103,21213,4931,17208,5853,9226,9025,1241,927,1575,20866,14160,16501,21184,19675,10572,1662,24961,9635,17964,19058,19198,1129,10002,12934,19945,1583,28921,14511,17383,14794,7499,4971,12035,17979,5656,16875,37522,2899,201,16799,14809,16090,1403,7859,138,3005,1907,1600,0
